variable,pct_valid,label,,group,source_type,,
TT4G06D,97.3,Background/ First teaching  qualification/ Good balance between theoretical and practical aspects of teaching,,Background / First teaching  qualification / Good balance between theoretical and practical aspects of teaching,teacher questionnaire item,,
TT4G06C,97.2,Background/ First teaching  qualification/ Included enough time for classroom observations,,Background / First teaching  qualification / Included enough time for classroom observations,teacher questionnaire item,,
TT4G06F,97.1,Background/ First teaching  qualification/ Overall high quality,,Background / First teaching  qualification / Overall high quality,teacher questionnaire item,,
TT4G06E,97.4,Background/ First teaching  qualification/ Provided me with enough practical opportunities,,Background / First teaching  qualification / Provided me with enough practical opportunities,teacher questionnaire item,,
TT4G06B,97.3,Background/ First teaching  qualification/ Provided me with ideas for managing classroom behaviour,,Background / First teaching  qualification / Provided me with ideas for managing classroom behaviour,teacher questionnaire item,,
TT4G04,96,Background/ First teaching qualification,,Background / First teaching qualification,teacher questionnaire item,,
TT4G06A,97.3,Background/ First teaching qualification/ Provided me with a strong understanding of the subject(s),,Background / First teaching qualification / Provided me with a strong understanding of the subject(s),teacher questionnaire item,,
TT4G07D,97.3,Background/ Prepared for teaching/ Classroom practice in some or all subject(s) I teach,add,Background / Prepared for teaching / Classroom practice in some or all subject(s) I teach,teacher questionnaire item,,
TT4G07A,97.6,Background/ Prepared for teaching/ Content of some or all subject(s) I teach,add,Background / Prepared for teaching / Content of some or all subject(s) I teach,teacher questionnaire item,,
TT4G07C,97.4,Background/ Prepared for teaching/ General pedagogy,add,Background / Prepared for teaching / General pedagogy,teacher questionnaire item,,
TT4G07B,97.5,Background/ Prepared for teaching/ Pedagogy of some or all subject(s) I teach,add,Background / Prepared for teaching / Pedagogy of some or all subject(s) I teach,teacher questionnaire item,,
TT4G07G,97.5,Background/ Prepared for teaching/ Supporting students' development,add,Background / Prepared for teaching / Supporting students' development,teacher questionnaire item,,
TT4G07E,97.4,Background/ Prepared for teaching/ Teaching in a multicultural or multilingual setting,add,Background / Prepared for teaching / Teaching in a multicultural or multilingual setting,teacher questionnaire item,,
TT4G07F,97.5,Background/ Prepared for teaching/ Use of <digital resources and tools> for teaching,add,Background / Prepared for teaching / Use of <digital resources and tools> for teaching,teacher questionnaire item,,
TT4G08,99.7,Background/ Teaching as the first choice as a career,,Background / Teaching as the first choice as a career,teacher questionnaire item,,
T4PDBR,99.3,Barriers to professional development: lack of support in access,add,Barriers to professional development: lack of support in access,derived scale/index,,
T4CHFAT,98.4,Change fatigue,add,Change fatigue,derived scale/index,,
TT4G10,96.1,Current Work/ Currently working as a teacher of <ISCED 2011 level x> at another school,add,Current Work / Currently working as a teacher of <ISCED 2011 level x> at another school,teacher questionnaire item,,
TT4G09,98.9,Current Work/ Employment status (in terms of tenure) as a teacher at this school,,Current Work / Employment status (in terms of tenure) as a teacher at this school,teacher questionnaire item,,
TT4G16H,98.4,Current Work/ Hours spent on tasks during most recent complete calendar week/ Communication and co-operation with parents,,Current Work / Hours spent on tasks during most recent complete calendar week / Communication and co-operation with parents,teacher questionnaire item,,
TT4G16D,96.7,Current Work/ Hours spent on tasks during most recent complete calendar week/ Counselling students,add,Current Work / Hours spent on tasks during most recent complete calendar week / Counselling students,teacher questionnaire item,,
TT4G16I,96.9,Current Work/ Hours spent on tasks during most recent complete calendar week/ Engaging in extracurricular activities,add,Current Work / Hours spent on tasks during most recent complete calendar week / Engaging in extracurricular activities,teacher questionnaire item,,
TT4G16F,96.4,Current Work/ Hours spent on tasks during most recent complete calendar week/ General administrative work,add,Current Work / Hours spent on tasks during most recent complete calendar week / General administrative work,teacher questionnaire item,,
TT4G16J,97,Current Work/ Hours spent on tasks during most recent complete calendar week/ Other work tasks,,Current Work / Hours spent on tasks during most recent complete calendar week / Other work tasks,teacher questionnaire item,,
TT4G16E,97.9,Current Work/ Hours spent on tasks during most recent complete calendar week/ Participation in school management,add,Current Work / Hours spent on tasks during most recent complete calendar week / Participation in school management,teacher questionnaire item,,
TT4G16G,96.3,Current Work/ Hours spent on tasks during most recent complete calendar week/ Professional learning activities,add,Current Work / Hours spent on tasks during most recent complete calendar week / Professional learning activities,teacher questionnaire item,,
TT4G16B,95.3,Current Work/ Hours spent on tasks during most recent complete calendar week/ Team work and dialogue with colleagues within school,add,Current Work / Hours spent on tasks during most recent complete calendar week / Team work and dialogue with colleagues within school,teacher questionnaire item,,
TT4G15,94.3,Current Work/ Hours spent on teaching at this school during most recent complete calendar week,add,Current Work / Hours spent on teaching at this school during most recent complete calendar week,teacher questionnaire item,,
TT4G14,96.4,Current Work/ Total hours spent on tasks related to job at this school during most recent complete calendar week,,Current Work / Total hours spent on tasks related to job at this school during most recent complete calendar week,teacher questionnaire item,,
T4EXINF,99.7,Exchange of information and ideas among teachers,add,Exchange of information and ideas among teachers,derived scale/index,,
T4FULFIL,97.8,Fulfilment of lesson aims (complexity of teaching),,Fulfilment of lesson aims (complexity of teaching),derived scale/index,,
T4INSTLE,98.8,Instructional leadership,,Instructional leadership,derived scale/index,,
T4JSPROT,98.5,Job satisfaction with profession,,Job satisfaction with profession,derived scale/index,,
T4JSENVT,98.3,Job satisfaction with work environment,,Job satisfaction with work environment,derived scale/index,,
T4JOBSAT,98.3,"Job satisfaction, overall",add,"Job satisfaction, overall",derived scale/index,,
T4JOYTCH,98.5,Joy of teaching,add,Joy of teaching,derived scale/index,,
T4TNSCH,98.7,Number of schools teacher works at,add,Number of schools teacher works at,derived scale/index,,
TT4G75B,97.9,Occupational Perceptions/ Attrition factors/ A job outside of education,,Occupational Perceptions / Attrition factors / A job outside of education,teacher questionnaire item,,
TT4G75A,98,Occupational Perceptions/ Attrition factors/ A non-teaching position within education,,Occupational Perceptions / Attrition factors / A non-teaching position within education,teacher questionnaire item,,
TT4G75C,97.7,Occupational Perceptions/ Attrition factors/ Further education or training,,Occupational Perceptions / Attrition factors / Further education or training,teacher questionnaire item,,
TT4G75D,97.9,Occupational Perceptions/ Attrition factors/ Personal or family reasons,,Occupational Perceptions / Attrition factors / Personal or family reasons,teacher questionnaire item,,
TT4G75E,97.8,Occupational Perceptions/ Attrition factors/ Retirement from work sector,,Occupational Perceptions / Attrition factors / Retirement from work sector,teacher questionnaire item,,
TT4G80C,98.2,Occupational Perceptions/ Enjoyment of teaching/ I generally teach with enthusiasm,,Occupational Perceptions / Enjoyment of teaching / I generally teach with enthusiasm,teacher questionnaire item,,
TT4G80A,98.4,Occupational Perceptions/ Enjoyment of teaching/ I like the subject(s) that I teach,,Occupational Perceptions / Enjoyment of teaching / I like the subject(s) that I teach,teacher questionnaire item,,
TT4G80B,98.2,Occupational Perceptions/ Enjoyment of teaching/ I often feel happy while I teach,,Occupational Perceptions / Enjoyment of teaching / I often feel happy while I teach,teacher questionnaire item,,
TT4G80D,97.8,Occupational Perceptions/ Enjoyment of teaching/ The interesting challenges of teaching give me satisfaction,,Occupational Perceptions / Enjoyment of teaching / The interesting challenges of teaching give me satisfaction,teacher questionnaire item,,
TT4G76A,98.5,Occupational Perceptions/ Experiences as a teacher at this school/ I experience stress in my work,,Occupational Perceptions / Experiences as a teacher at this school / I experience stress in my work,teacher questionnaire item,,
TT4G76B,96.8,Occupational Perceptions/ Experiences as a teacher at this school/ My job leaves me time for my personal life,,Occupational Perceptions / Experiences as a teacher at this school / My job leaves me time for my personal life,teacher questionnaire item,,
TT4G76C,98.4,Occupational Perceptions/ Experiences as a teacher at this school/ My job negatively impacts my mental health,,Occupational Perceptions / Experiences as a teacher at this school / My job negatively impacts my mental health,teacher questionnaire item,,
TT4G76D,98.2,Occupational Perceptions/ Experiences as a teacher at this school/ My job negatively impacts my physical health,,Occupational Perceptions / Experiences as a teacher at this school / My job negatively impacts my physical health,teacher questionnaire item,,
TT4G73H,98.2,Occupational Perceptions/ Importance of factors/ I like working with children/adolescents,,Occupational Perceptions / Importance of factors / I like working with children,teacher questionnaire item,,
TT4G73I,97.8,Occupational Perceptions/ Importance of factors/ Teaching allows me to exercise autonomy,,Occupational Perceptions / Importance of factors / Teaching allows me to exercise autonomy,teacher questionnaire item,,
TT4G73E,98.2,Occupational Perceptions/ Importance of factors/ Teaching allows me to influence the next generation,,Occupational Perceptions / Importance of factors / Teaching allows me to influence the next generation,teacher questionnaire item,,
TT4G73F,98.2,Occupational Perceptions/ Importance of factors/ Teaching allows me to work against social disadvantage,,Occupational Perceptions / Importance of factors / Teaching allows me to work against social disadvantage,teacher questionnaire item,,
TT4G73D,98.2,Occupational Perceptions/ Importance of factors/ Teaching has commitment flexibility,,Occupational Perceptions / Importance of factors / Teaching has commitment flexibility,teacher questionnaire item,,
TT4G73B,98.3,Occupational Perceptions/ Importance of factors/ Teaching is a secure job,,Occupational Perceptions / Importance of factors / Teaching is a secure job,teacher questionnaire item,,
TT4G73G,98.2,Occupational Perceptions/ Importance of factors/ Teaching makes a worthwhile social contribution,,Occupational Perceptions / Importance of factors / Teaching makes a worthwhile social contribution,teacher questionnaire item,,
TT4G73A,98.4,Occupational Perceptions/ Importance of factors/ Teaching suits my abilities,,Occupational Perceptions / Importance of factors / Teaching suits my abilities,teacher questionnaire item,,
TT4G73C,98.2,Occupational Perceptions/ Importance of factors/ Working hours fit with my family responsibilities,,Occupational Perceptions / Importance of factors / Working hours fit with my family responsibilities,teacher questionnaire item,,
TT4G78J,97.9,"Occupational Perceptions/ Job satisfaction/ All in all, I am satisfied with my job",,"Occupational Perceptions / Job satisfaction / All in all, I am satisfied with my job",teacher questionnaire item,,
TT4G78I,98.1,Occupational Perceptions/ Job satisfaction/ I am satisfied with my performance in this school,,Occupational Perceptions / Job satisfaction / I am satisfied with my performance in this school,teacher questionnaire item,,
TT4G78E,98,Occupational Perceptions/ Job satisfaction/ I enjoy working at this school,,Occupational Perceptions / Job satisfaction / I enjoy working at this school,teacher questionnaire item,,
TT4G78D,98.1,Occupational Perceptions/ Job satisfaction/ I regret that I decided to become a teacher,,Occupational Perceptions / Job satisfaction / I regret that I decided to become a teacher,teacher questionnaire item,,
TT4G78H,98.2,Occupational Perceptions/ Job satisfaction/ I think that the teaching profession is valued in society,,Occupational Perceptions / Job satisfaction / I think that the teaching profession is valued in society,teacher questionnaire item,,
TT4G78F,97.7,Occupational Perceptions/ Job satisfaction/ I wonder whether it would be better to choose another profession,,Occupational Perceptions / Job satisfaction / I wonder whether it would be better to choose another profession,teacher questionnaire item,,
TT4G78C,98.1,Occupational Perceptions/ Job satisfaction/ I would like to change to another school if that were possible,,Occupational Perceptions / Job satisfaction / I would like to change to another school if that were possible,teacher questionnaire item,,
TT4G78G,97.9,Occupational Perceptions/ Job satisfaction/ I would recommend my school as a good place to work,,Occupational Perceptions / Job satisfaction / I would recommend my school as a good place to work,teacher questionnaire item,,
TT4G78B,98.1,"Occupational Perceptions/ Job satisfaction/ If I could decide again, I would still choose to work as a teacher",,"Occupational Perceptions / Job satisfaction / If I could decide again, I would still choose to work as a teacher",teacher questionnaire item,,
TT4G78A,98.2,Occupational Perceptions/ Job satisfaction/ The advantages clearly outweigh the disadvantages,,Occupational Perceptions / Job satisfaction / The advantages clearly outweigh the disadvantages,teacher questionnaire item,,
TT4G74,93.2,Occupational Perceptions/ Number of years want to continue to work as a teacher,,Occupational Perceptions / Number of years want to continue to work as a teacher,teacher questionnaire item,,
TT4G79B,98.1,"Occupational Perceptions/ Perceptions of teachers' value/ Apart from salary, I am satisfied with <contract/employment>",,"Occupational Perceptions / Perceptions of teachers' value / Apart from salary, I am satisfied with <contract",teacher questionnaire item,,
TT4G79A,98.3,Occupational Perceptions/ Perceptions of teachers' value/ I am satisfied with the salary I receive for my work,add,Occupational Perceptions / Perceptions of teachers' value / I am satisfied with the salary I receive for my work,teacher questionnaire item,,
TT4G79D,97.9,Occupational Perceptions/ Perceptions of teachers' value/ Teachers are valued by parents/guardians,,Occupational Perceptions / Perceptions of teachers' value / Teachers are valued by parents,teacher questionnaire item,,
TT4G79C,98,Occupational Perceptions/ Perceptions of teachers' value/ Teachers are valued by students in this school,,Occupational Perceptions / Perceptions of teachers' value / Teachers are valued by students in this school,teacher questionnaire item,,
TT4G79G,97.8,Occupational Perceptions/ Perceptions of teachers' value/ Teachers are valued in the media,,Occupational Perceptions / Perceptions of teachers' value / Teachers are valued in the media,teacher questionnaire item,,
TT4G79F,97.9,Occupational Perceptions/ Perceptions of teachers' value/ Teachers can influence educational policy,,Occupational Perceptions / Perceptions of teachers' value / Teachers can influence educational policy,teacher questionnaire item,,
TT4G79E,97.9,Occupational Perceptions/ Perceptions of teachers' value/ Teachers’ views are valued by policymakers,,Occupational Perceptions / Perceptions of teachers' value / Teachers’ views are valued by policymakers,teacher questionnaire item,,
TT4G77J,98,Occupational Perceptions/ Sources of stress in work/ Addressing parent or guardian concerns,,Occupational Perceptions / Sources of stress in work / Addressing parent or guardian concerns,teacher questionnaire item,,
TT4G77F,98.1,Occupational Perceptions/ Sources of stress in work/ Being held responsible for students’ achievement,,Occupational Perceptions / Sources of stress in work / Being held responsible for students’ achievement,teacher questionnaire item,,
TT4G77L,97.9,Occupational Perceptions/ Sources of stress in work/ Being held responsible for students’ well-being,,Occupational Perceptions / Sources of stress in work / Being held responsible for students’ well-being,teacher questionnaire item,,
TT4G77H,98,Occupational Perceptions/ Sources of stress in work/ Being intimidated or verbally abused by students,,Occupational Perceptions / Sources of stress in work / Being intimidated or verbally abused by students,teacher questionnaire item,,
TT4G77E,98.1,Occupational Perceptions/ Sources of stress in work/ Having extra duties due to absent teachers,,Occupational Perceptions / Sources of stress in work / Having extra duties due to absent teachers,teacher questionnaire item,,
TT4G77O,97.9,Occupational Perceptions/ Sources of stress in work/ Having to adapt my work due to unexpected disruptions,,Occupational Perceptions / Sources of stress in work / Having to adapt my work due to unexpected disruptions,teacher questionnaire item,,
TT4G77B,98.1,Occupational Perceptions/ Sources of stress in work/ Having too many lessons to teach,,Occupational Perceptions / Sources of stress in work / Having too many lessons to teach,teacher questionnaire item,,
TT4G77D,98.1,Occupational Perceptions/ Sources of stress in work/ Having too much administrative work to do,,Occupational Perceptions / Sources of stress in work / Having too much administrative work to do,teacher questionnaire item,,
TT4G77A,98.3,Occupational Perceptions/ Sources of stress in work/ Having too much lesson preparation,,Occupational Perceptions / Sources of stress in work / Having too much lesson preparation,teacher questionnaire item,,
TT4G77C,98.1,Occupational Perceptions/ Sources of stress in work/ Having too much marking,,Occupational Perceptions / Sources of stress in work / Having too much marking,teacher questionnaire item,,
TT4G77N,97.8,Occupational Perceptions/ Sources of stress in work/ Having too much work on diversity and equity issues,,Occupational Perceptions / Sources of stress in work / Having too much work on diversity and equity issues,teacher questionnaire item,,
TT4G77I,97.9,Occupational Perceptions/ Sources of stress in work/ Keeping up with changing requirements from authorities,,Occupational Perceptions / Sources of stress in work / Keeping up with changing requirements from authorities,teacher questionnaire item,,
TT4G77M,97.8,Occupational Perceptions/ Sources of stress in work/ Keeping up with curriculum or programme changes in this school,,Occupational Perceptions / Sources of stress in work / Keeping up with curriculum or programme changes in this school,teacher questionnaire item,,
TT4G77P,97.7,Occupational Perceptions/ Sources of stress in work/ Keeping up with professional learning,,Occupational Perceptions / Sources of stress in work / Keeping up with professional learning,teacher questionnaire item,,
TT4G77G,98,Occupational Perceptions/ Sources of stress in work/ Maintaining classroom discipline,,Occupational Perceptions / Sources of stress in work / Maintaining classroom discipline,teacher questionnaire item,,
TT4G77K,97.9,Occupational Perceptions/ Sources of stress in work/ Modifying lessons for students with special education needs,,Occupational Perceptions / Sources of stress in work / Modifying lessons for students with special education needs,teacher questionnaire item,,
T4OPPART,98.9,Opportunities to participate in school decisions,add,Opportunities to participate in school decisions,derived scale/index,,
T4VALP,98.1,Perceptions of value and policy influence,,Perceptions of value and policy influence,derived scale/index,,
T4MOPU,98.5,Personal utility motivations to teach,,Personal utility motivations to teach,derived scale/index,,
TT4G25A,99.1,Professional Learning/ Barriers to PL/ I do not have the pre-requisites,,Professional Learning / Barriers to PL / I do not have the pre-requisites,teacher questionnaire item,,
TT4G25E,99.1,Professional Learning/ Barriers to PL/ I do not have time because responsibilities or commitments,,Professional Learning / Barriers to PL / I do not have time because responsibilities or commitments,teacher questionnaire item,,
TT4G25D,99,Professional Learning/ Barriers to PL/ Professional learning conflicts with my work schedule,,Professional Learning / Barriers to PL / Professional learning conflicts with my work schedule,teacher questionnaire item,,
TT4G25I,98.7,Professional Learning/ Barriers to PL/ Professional learning is not accessible due to digital resources,,Professional Learning / Barriers to PL / Professional learning is not accessible due to digital resources,teacher questionnaire item,,
TT4G25H,98.9,Professional Learning/ Barriers to PL/ Professional learning is not accessible due to distance,,Professional Learning / Barriers to PL / Professional learning is not accessible due to distance,teacher questionnaire item,,
TT4G25B,99,Professional Learning/ Barriers to PL/ Professional learning is too expensive,,Professional Learning / Barriers to PL / Professional learning is too expensive,teacher questionnaire item,,
TT4G25G,98.9,Professional Learning/ Barriers to PL/ There are no incentives for participating in professional learning,,Professional Learning / Barriers to PL / There are no incentives for participating in professional learning,teacher questionnaire item,,
TT4G25C,98.9,Professional Learning/ Barriers to PL/ There is a lack of employer support,,Professional Learning / Barriers to PL / There is a lack of employer support,teacher questionnaire item,,
TT4G25F,98.9,Professional Learning/ Barriers to PL/ There is no relevant professional learning offered,,Professional Learning / Barriers to PL / There is no relevant professional learning offered,teacher questionnaire item,,
TT4G21M,94.3,Professional Learning/ Content of PL activities/ Analysis and use of student assessments,,Professional Learning / Content of PL activities / Analysis and use of student assessments,teacher questionnaire item,,
TT4G21J,94.3,Professional Learning/ Content of PL activities/ Approaches to individualised learning,,Professional Learning / Content of PL activities / Approaches to individualised learning,teacher questionnaire item,,
TT4G21H,94.5,Professional Learning/ Content of PL activities/ Classroom management for student behaviour,,Professional Learning / Content of PL activities / Classroom management for student behaviour,teacher questionnaire item,,
TT4G21A,94.8,Professional Learning/ Content of PL activities/ Knowledge and understanding of subject field(s),,Professional Learning / Content of PL activities / Knowledge and understanding of subject field(s),teacher questionnaire item,,
TT4G21C,94.5,Professional Learning/ Content of PL activities/ Knowledge of the curriculum,,Professional Learning / Content of PL activities / Knowledge of the curriculum,teacher questionnaire item,,
TT4G21O,94.4,Professional Learning/ Content of PL activities/ Methods for supporting students’ social and emotional learning,,Professional Learning / Content of PL activities / Methods for supporting students’ social and emotional learning,teacher questionnaire item,,
TT4G21E,94.5,Professional Learning/ Content of PL activities/ Pedagogical skills for incorporating <digital resources and tools>,,Professional Learning / Content of PL activities / Pedagogical skills for incorporating <digital resources and tools>,teacher questionnaire item,,
TT4G21B,94.6,Professional Learning/ Content of PL activities/ Pedagogy of the subject matter(s) I teach,,Professional Learning / Content of PL activities / Pedagogy of the subject matter(s) I teach,teacher questionnaire item,,
TT4G21I,94.2,Professional Learning/ Content of PL activities/ School management and administration,,Professional Learning / Content of PL activities / School management and administration,teacher questionnaire item,,
TT4G21D,94.4,Professional Learning/ Content of PL activities/ Student assessment practices,,Professional Learning / Content of PL activities / Student assessment practices,teacher questionnaire item,,
TT4G21N,94.3,Professional Learning/ Content of PL activities/ Teacher-parent co-operation,,Professional Learning / Content of PL activities / Teacher-parent co-operation,teacher questionnaire item,,
TT4G21L,94.2,Professional Learning/ Content of PL activities/ Teaching in a multicultural or multilingual setting,,Professional Learning / Content of PL activities / Teaching in a multicultural or multilingual setting,teacher questionnaire item,,
TT4G21K,94.4,Professional Learning/ Content of PL activities/ Teaching students with special education needs,,Professional Learning / Content of PL activities / Teaching students with special education needs,teacher questionnaire item,,
TT4G21F,94.5,Professional Learning/ Content of PL activities/ Technical skills for the use of <digital resources and tools>,,Professional Learning / Content of PL activities / Technical skills for the use of <digital resources and tools>,teacher questionnaire item,,
TT4G21G,94.4,Professional Learning/ Content of PL activities/ Using artificial intelligence for teaching and learning,add,Professional Learning / Content of PL activities / Using artificial intelligence for teaching and learning,teacher questionnaire item,,
TT4G20G,98,Professional Learning/ Participation in PL activities/ Coaching,,Professional Learning / Participation in PL activities / Coaching,teacher questionnaire item,,
TT4G20A,97.8,Professional Learning/ Participation in PL activities/ Courses/seminars/workshops,add,Professional Learning / Participation in PL activities / Courses,teacher questionnaire item,,
TT4G20B,98.4,Professional Learning/ Participation in PL activities/ Education conferences,,Professional Learning / Participation in PL activities / Education conferences,teacher questionnaire item,,
TT4G20H,98.2,Professional Learning/ Participation in PL activities/ Formal or informal teacher networks,,Professional Learning / Participation in PL activities / Formal or informal teacher networks,teacher questionnaire item,,
TT4G20C,98.1,Professional Learning/ Participation in PL activities/ Formal qualification programme,,Professional Learning / Participation in PL activities / Formal qualification programme,teacher questionnaire item,,
TT4G20J,92.9,Professional Learning/ Participation in PL activities/ Other,,Professional Learning / Participation in PL activities / Other,teacher questionnaire item,,
TT4G20F,98.3,Professional Learning/ Participation in PL activities/ Reflections on lesson observations,,Professional Learning / Participation in PL activities / Reflections on lesson observations,teacher questionnaire item,,
TT4G20I,98.5,Professional Learning/ Participation in PL activities/ Self-initiated learning activities,add,Professional Learning / Participation in PL activities / Self-initiated learning activities,teacher questionnaire item,,
TT4G20D,98.2,Professional Learning/ Participation in PL activities/ Visits to other schools,,Professional Learning / Participation in PL activities / Visits to other schools,teacher questionnaire item,,
T4COLES,99.7,Professional collaboration in lessons among teachers,add,Professional collaboration in lessons among teachers,derived scale/index,,
T4RELEAD,98.9,Relational leadership,,Relational leadership,derived scale/index,,
TT4G72F,97.7,School Climate/ Change management/ I am asked to implement change initiatives without the necessary resources,,School Climate / Change management / I am asked to implement change initiatives without the necessary resources,teacher questionnaire item,,
TT4G72B,98.1,School Climate/ Change management/ I am tired of all the changes in this school,,School Climate / Change management / I am tired of all the changes in this school,teacher questionnaire item,,
TT4G72E,97.9,School Climate/ Change management/ I would like to see a period of stability before we change anything else,,School Climate / Change management / I would like to see a period of stability before we change anything else,teacher questionnaire item,,
TT4G72D,98,School Climate/ Change management/ It feels like we are always being asked to change something around here,,School Climate / Change management / It feels like we are always being asked to change something around here,teacher questionnaire item,,
TT4G72A,98.2,School Climate/ Change management/ Too many change initiatives are introduced at this school,,School Climate / Change management / Too many change initiatives are introduced at this school,teacher questionnaire item,,
TT4G72C,98.1,School Climate/ Change management/ We are asked to change too many things in this school,,School Climate / Change management / We are asked to change too many things in this school,teacher questionnaire item,,
TT4G68C1,95,School Climate/ Feedback types/ Assessment of content knowledge/ External individuals or bodies,,School Climate / Feedback types / Assessment of content knowledge,teacher questionnaire item,,
TT4G68C2,94.9,School Climate/ Feedback types/ Assessment of content knowledge/ Principal or member(s) of SMT,,School Climate / Feedback types / Assessment of content knowledge,teacher questionnaire item,,
TT4G68C3,95,School Climate/ Feedback types/ Assessment of content knowledge/ Other colleagues within the school,,School Climate / Feedback types / Assessment of content knowledge,teacher questionnaire item,,
TT4G68C4,94.4,School Climate/ Feedback types/ Assessment of content knowledge/ I have never received this Feedback types,,School Climate / Feedback types / Assessment of content knowledge,teacher questionnaire item,,
TT4G68D1,97.1,School Climate/ Feedback types/ My students’ external results/ External individuals or bodies,,School Climate / Feedback types / My students’ external results,teacher questionnaire item,,
TT4G68D2,96.9,School Climate/ Feedback types/ My students’ external results/ Principal or member(s) of SMT,,School Climate / Feedback types / My students’ external results,teacher questionnaire item,,
TT4G68D3,97,School Climate/ Feedback types/ My students’ external results/ Other colleagues within the school,,School Climate / Feedback types / My students’ external results,teacher questionnaire item,,
TT4G68D4,96.4,School Climate/ Feedback types/ My students’ external results/ I have never received this Feedback types,,School Climate / Feedback types / My students’ external results,teacher questionnaire item,,
TT4G68A1,97.9,School Climate/ Feedback types/ Observation of classroom teaching/ External individuals or bodies,,School Climate / Feedback types / Observation of classroom teaching,teacher questionnaire item,,
TT4G68A2,97.8,School Climate/ Feedback types/ Observation of classroom teaching/ Principal or member(s) of SMT,,School Climate / Feedback types / Observation of classroom teaching,teacher questionnaire item,,
TT4G68A3,97.8,School Climate/ Feedback types/ Observation of classroom teaching/ Other colleagues within the school,,School Climate / Feedback types / Observation of classroom teaching,teacher questionnaire item,,
TT4G68A4,97.4,School Climate/ Feedback types/ Observation of classroom teaching/ I have never received this Feedback types,,School Climate / Feedback types / Observation of classroom teaching,teacher questionnaire item,,
TT4G68E1,97.4,School Climate/ Feedback types/ School and classroom results/ External individuals or bodies,,School Climate / Feedback types / School and classroom results,teacher questionnaire item,,
TT4G68E2,97.3,School Climate/ Feedback types/ School and classroom results/ Principal or member(s) of SMT,,School Climate / Feedback types / School and classroom results,teacher questionnaire item,,
TT4G68E3,97.3,School Climate/ Feedback types/ School and classroom results/ Other colleagues within the school,,School Climate / Feedback types / School and classroom results,teacher questionnaire item,,
TT4G68E4,97,School Climate/ Feedback types/ School and classroom results/ I have never received this Feedback types,,School Climate / Feedback types / School and classroom results,teacher questionnaire item,,
TT4G68F1,97,School Climate/ Feedback types/ Self-assessment of my work/ External individuals or bodies,,School Climate / Feedback types / Self-assessment of my work,teacher questionnaire item,,
TT4G68F2,96.8,School Climate/ Feedback types/ Self-assessment of my work/ Principal or member(s) of SMT,,School Climate / Feedback types / Self-assessment of my work,teacher questionnaire item,,
TT4G68F3,96.8,School Climate/ Feedback types/ Self-assessment of my work/ Other colleagues within the school,,School Climate / Feedback types / Self-assessment of my work,teacher questionnaire item,,
TT4G68F4,96.4,School Climate/ Feedback types/ Self-assessment of my work/ I have never received this Feedback types,,School Climate / Feedback types / Self-assessment of my work,teacher questionnaire item,,
TT4G68B1,97.2,School Climate/ Feedback types/ Student survey response/ External individuals or bodies,,School Climate / Feedback types / Student survey response,teacher questionnaire item,,
TT4G68B2,97,School Climate/ Feedback types/ Student survey responses/ Principal or member(s) of SMT,,School Climate / Feedback types / Student survey responses,teacher questionnaire item,,
TT4G68B3,97,School Climate/ Feedback types/ Student survey responses/ Other colleagues within the school,,School Climate / Feedback types / Student survey responses,teacher questionnaire item,,
TT4G68B4,96.6,School Climate/ Feedback types/ Student survey responses/ I have never received this Feedback types,,School Climate / Feedback types / Student survey responses,teacher questionnaire item,,
TT4G64B,98.6,School Climate/ General school climate/ School provides parents/guardians with opportunities to actively participate,,School Climate / General school climate / School provides parents,teacher questionnaire item,,
TT4G64A,98.9,School Climate/ General school climate/ School provides staff opportunities to participate in school decisions,,School Climate / General school climate / School provides staff opportunities to participate in school decisions,teacher questionnaire item,,
TT4G64C,98.6,School Climate/ General school climate/ School provides students with opportunities to participate,,School Climate / General school climate / School provides students with opportunities to participate,teacher questionnaire item,,
TT4G64H,98.7,School Climate/ General school climate/ Teachers can rely on each other,,School Climate / General school climate / Teachers can rely on each other,teacher questionnaire item,,
TT4G64J,98.5,School Climate/ General school climate/ Teachers initiate and lead collaborative activities,,School Climate / General school climate / Teachers initiate and lead collaborative activities,teacher questionnaire item,,
TT4G64K,98.5,School Climate/ General school climate/ Teachers lead their professional growth and development activities,,School Climate / General school climate / Teachers lead their professional growth and development activities,teacher questionnaire item,,
TT4G64L,98.3,School Climate/ General school climate/ Teachers participate in non-teaching school events and projects,,School Climate / General school climate / Teachers participate in non-teaching school events and projects,teacher questionnaire item,,
TT4G64I,98.3,School Climate/ General school climate/ Teachers take leadership roles in promoting a professional learning community,,School Climate / General school climate / Teachers take leadership roles in promoting a professional learning community,teacher questionnaire item,,
TT4G64F,98.7,School Climate/ General school climate/ The school staff enforces rules for student behaviour consistently,,School Climate / General school climate / The school staff enforces rules for student behaviour consistently,teacher questionnaire item,,
TT4G64E,98.6,School Climate/ General school climate/ The school staff share a common set of beliefs about teaching and learning,,School Climate / General school climate / The school staff share a common set of beliefs about teaching and learning,teacher questionnaire item,,
TT4G64D,98.6,School Climate/ General school climate/ There is a collaborative school culture,,School Climate / General school climate / There is a collaborative school culture,teacher questionnaire item,,
TT4G64G,98.6,School Climate/ General school climate/ This school encourages staff to lead new initiatives,,School Climate / General school climate / This school encourages staff to lead new initiatives,teacher questionnaire item,,
TT4G69D,93.2,School Climate/ Impact of feedback/ Classroom management for student behaviour,,School Climate / Impact of feedback / Classroom management for student behaviour,teacher questionnaire item,,
TT4G69A,93.5,School Climate/ Impact of feedback/ Knowledge and understanding of my field(s),,School Climate / Impact of feedback / Knowledge and understanding of my field(s),teacher questionnaire item,,
TT4G69H,93.1,School Climate/ Impact of feedback/ Methods for supporting students’ social and emotional learning,,School Climate / Impact of feedback / Methods for supporting students’ social and emotional learning,teacher questionnaire item,,
TT4G69F,92.9,School Climate/ Impact of feedback/ Methods for teaching in a multicultural or multilingual setting,,School Climate / Impact of feedback / Methods for teaching in a multicultural or multilingual setting,teacher questionnaire item,,
TT4G69E,93.1,School Climate/ Impact of feedback/ Methods for teaching students with special educational needs,,School Climate / Impact of feedback / Methods for teaching students with special educational needs,teacher questionnaire item,,
TT4G69G,93.1,School Climate/ Impact of feedback/ Methods for teaching with <digital resources and tools>,,School Climate / Impact of feedback / Methods for teaching with <digital resources and tools>,teacher questionnaire item,,
TT4G69B,93.3,School Climate/ Impact of feedback/ Pedagogical competencies in teaching my subject,,School Climate / Impact of feedback / Pedagogical competencies in teaching my subject,teacher questionnaire item,,
TT4G69C,93.2,School Climate/ Impact of feedback/ Use of student assessments to improve student learning,,School Climate / Impact of feedback / Use of student assessments to improve student learning,teacher questionnaire item,,
TT4G66E,98.5,School Climate/ Perceptions about the principal/ Principal encourages all staff to have a say on important decisions,,School Climate / Perceptions about the principal / Principal encourages all staff to have a say on important decisions,teacher questionnaire item,,
TT4G66B,98.6,School Climate/ Perceptions about the principal/ Principal encourages co-operation among teachers,,School Climate / Perceptions about the principal / Principal encourages co-operation among teachers,teacher questionnaire item,,
TT4G66D,98.4,School Climate/ Perceptions about the principal/ Principal ensures that teachers feel responsible for students learning outcomes,,School Climate / Perceptions about the principal / Principal ensures that teachers feel responsible for students learning outcomes,teacher questionnaire item,,
TT4G66C,98.5,School Climate/ Perceptions about the principal/ Principal ensures that teachers to take responsibility for improving teaching skills,,School Climate / Perceptions about the principal / Principal ensures that teachers to take responsibility for improving teaching skills,teacher questionnaire item,,
TT4G66I,98.3,School Climate/ Perceptions about the principal/ Principal ensures that teachers’ performance is monitored effectively,,School Climate / Perceptions about the principal / Principal ensures that teachers’ performance is monitored effectively,teacher questionnaire item,,
TT4G66A,98.7,School Climate/ Perceptions about the principal/ Principal has a clear vision for this school,,School Climate / Perceptions about the principal / Principal has a clear vision for this school,teacher questionnaire item,,
TT4G66G,98.3,School Climate/ Perceptions about the principal/ Principal has good professional relationships with parents or guardians,,School Climate / Perceptions about the principal / Principal has good professional relationships with parents or guardians,teacher questionnaire item,,
TT4G66F,98.5,School Climate/ Perceptions about the principal/ Principal has good professional relationships with staff,,School Climate / Perceptions about the principal / Principal has good professional relationships with staff,teacher questionnaire item,,
TT4G66H,98.3,School Climate/ Perceptions about the principal/ Principal has good professional relationships with students,,School Climate / Perceptions about the principal / Principal has good professional relationships with students,teacher questionnaire item,,
TT4G66J,98.2,School Climate/ Perceptions about the principal/ Principal provides useful feedback to teachers and staff,,School Climate / Perceptions about the principal / Principal provides useful feedback to teachers and staff,teacher questionnaire item,,
TT4G67D,98.3,School Climate/ Relational school climate/ Students can be counted on to do their homework,,School Climate / Relational school climate / Students can be counted on to do their homework,teacher questionnaire item,,
TT4G67C,98.6,School Climate/ Relational school climate/ Students can be counted on to do their school work,,School Climate / Relational school climate / Students can be counted on to do their school work,teacher questionnaire item,,
TT4G67A,98.7,School Climate/ Relational school climate/ Teachers can rely on the <school management team>,,School Climate / Relational school climate / Teachers can rely on the <school management team>,teacher questionnaire item,,
TT4G67B,98.6,School Climate/ Relational school climate/ The principal has confidence in the expertise of the teachers,,School Climate / Relational school climate / The principal has confidence in the expertise of the teachers,teacher questionnaire item,,
TT4G70B,98.5,"School Climate/ Student bullying/ At this school, students tell teachers when other students are being bullied",,"School Climate / Student bullying / At this school, students tell teachers when other students are being bullied",teacher questionnaire item,,
TT4G70E,98.1,School Climate/ Student bullying/ Bullying among students is a problem at this school,,School Climate / Student bullying / Bullying among students is a problem at this school,teacher questionnaire item,,
TT4G70A,98.6,School Climate/ Student bullying/ Teachers at this school make it clear to students that bullying is not tolerated,,School Climate / Student bullying / Teachers at this school make it clear to students that bullying is not tolerated,teacher questionnaire item,,
TT4G70D,98.3,School Climate/ Student bullying/ The teachers at this school are genuinely concerned about the students,,School Climate / Student bullying / The teachers at this school are genuinely concerned about the students,teacher questionnaire item,,
TT4G70C,98.5,School Climate/ Student bullying/ There are adults at this school students could turn to with a personal problem,,School Climate / Student bullying / There are adults at this school students could turn to with a personal problem,teacher questionnaire item,,
TT4G71B,93.7,School Climate/ Student harassment/ Students at this school get put down because of their ethnicity,,School Climate / Student harassment / Students at this school get put down because of their ethnicity,teacher questionnaire item,,
TT4G71A,98.3,School Climate/ Student harassment/ Students get teased about their clothing or physical appearance,,School Climate / Student harassment / Students get teased about their clothing or physical appearance,teacher questionnaire item,,
TT4G65D,98.5,"School Climate/ Teacher-student relations/ If a student needs extra assistance, the school provides it",,"School Climate / Teacher-student relations / If a student needs extra assistance, the school provides it",teacher questionnaire item,,
TT4G65C,98.9,School Climate/ Teacher-student relations/ Most teachers are interested in what students have to say,,School Climate / Teacher-student relations / Most teachers are interested in what students have to say,teacher questionnaire item,,
TT4G65B,98.9,School Climate/ Teacher-student relations/ Most teachers believe that the students’ well-being is important,,School Climate / Teacher-student relations / Most teachers believe that the students’ well-being is important,teacher questionnaire item,,
TT4G65A,99.1,School Climate/ Teacher-student relations/ Teachers and students usually get on well with each other,,School Climate / Teacher-student relations / Teachers and students usually get on well with each other,teacher questionnaire item,,
T4CLIBUL,98.7,School climate regarding bullying,,School climate regarding bullying,derived scale/index,,
T4SECLS,99.8,Self-efficacy in classroom management,add,Self-efficacy in classroom management,derived scale/index,,
T4SEINS,99.8,Self-efficacy in instruction,add,Self-efficacy in instruction,derived scale/index,,
T4SEENG,99.8,Self-efficacy in student engagement,add,Self-efficacy in student engagement,derived scale/index,,
T4SELF,99.7,"Self-efficacy, overall",add,"Self-efficacy, overall",derived scale/index,,
T4MOSU,98.5,Social utility motivations to teach,,Social utility motivations to teach,derived scale/index,,
T4STBEH,98.4,Student behaviour stress,add,Student behaviour stress,derived scale/index,,how to handle missing data here.
TRWGT1,100,Teacher BRR-Fay Replicate Weight 1,,Teacher BRR-Fay Replicate Weight 1,replicate weight,,
TRWGT10,100,Teacher BRR-Fay Replicate Weight 10,,Teacher BRR-Fay Replicate Weight 10,replicate weight,,
TRWGT100,100,Teacher BRR-Fay Replicate Weight 100,,Teacher BRR-Fay Replicate Weight 100,replicate weight,,
TRWGT11,100,Teacher BRR-Fay Replicate Weight 11,,Teacher BRR-Fay Replicate Weight 11,replicate weight,,
TRWGT12,100,Teacher BRR-Fay Replicate Weight 12,,Teacher BRR-Fay Replicate Weight 12,replicate weight,,
TRWGT13,100,Teacher BRR-Fay Replicate Weight 13,,Teacher BRR-Fay Replicate Weight 13,replicate weight,,
TRWGT14,100,Teacher BRR-Fay Replicate Weight 14,,Teacher BRR-Fay Replicate Weight 14,replicate weight,,
TRWGT15,100,Teacher BRR-Fay Replicate Weight 15,,Teacher BRR-Fay Replicate Weight 15,replicate weight,,
TRWGT16,100,Teacher BRR-Fay Replicate Weight 16,,Teacher BRR-Fay Replicate Weight 16,replicate weight,,
TRWGT17,100,Teacher BRR-Fay Replicate Weight 17,,Teacher BRR-Fay Replicate Weight 17,replicate weight,,
TRWGT18,100,Teacher BRR-Fay Replicate Weight 18,,Teacher BRR-Fay Replicate Weight 18,replicate weight,,
TRWGT19,100,Teacher BRR-Fay Replicate Weight 19,,Teacher BRR-Fay Replicate Weight 19,replicate weight,,
TRWGT2,100,Teacher BRR-Fay Replicate Weight 2,,Teacher BRR-Fay Replicate Weight 2,replicate weight,,
TRWGT20,100,Teacher BRR-Fay Replicate Weight 20,,Teacher BRR-Fay Replicate Weight 20,replicate weight,,
TRWGT21,100,Teacher BRR-Fay Replicate Weight 21,,Teacher BRR-Fay Replicate Weight 21,replicate weight,,
TRWGT22,100,Teacher BRR-Fay Replicate Weight 22,,Teacher BRR-Fay Replicate Weight 22,replicate weight,,
TRWGT23,100,Teacher BRR-Fay Replicate Weight 23,,Teacher BRR-Fay Replicate Weight 23,replicate weight,,
TRWGT24,100,Teacher BRR-Fay Replicate Weight 24,,Teacher BRR-Fay Replicate Weight 24,replicate weight,,
TRWGT25,100,Teacher BRR-Fay Replicate Weight 25,,Teacher BRR-Fay Replicate Weight 25,replicate weight,,
TRWGT26,100,Teacher BRR-Fay Replicate Weight 26,,Teacher BRR-Fay Replicate Weight 26,replicate weight,,
TRWGT27,100,Teacher BRR-Fay Replicate Weight 27,,Teacher BRR-Fay Replicate Weight 27,replicate weight,,
TRWGT28,100,Teacher BRR-Fay Replicate Weight 28,,Teacher BRR-Fay Replicate Weight 28,replicate weight,,
TRWGT29,100,Teacher BRR-Fay Replicate Weight 29,,Teacher BRR-Fay Replicate Weight 29,replicate weight,,
TRWGT3,100,Teacher BRR-Fay Replicate Weight 3,,Teacher BRR-Fay Replicate Weight 3,replicate weight,,
TRWGT30,100,Teacher BRR-Fay Replicate Weight 30,,Teacher BRR-Fay Replicate Weight 30,replicate weight,,
TRWGT31,100,Teacher BRR-Fay Replicate Weight 31,,Teacher BRR-Fay Replicate Weight 31,replicate weight,,
TRWGT32,100,Teacher BRR-Fay Replicate Weight 32,,Teacher BRR-Fay Replicate Weight 32,replicate weight,,
TRWGT33,100,Teacher BRR-Fay Replicate Weight 33,,Teacher BRR-Fay Replicate Weight 33,replicate weight,,
TRWGT34,100,Teacher BRR-Fay Replicate Weight 34,,Teacher BRR-Fay Replicate Weight 34,replicate weight,,
TRWGT35,100,Teacher BRR-Fay Replicate Weight 35,,Teacher BRR-Fay Replicate Weight 35,replicate weight,,
TRWGT36,100,Teacher BRR-Fay Replicate Weight 36,,Teacher BRR-Fay Replicate Weight 36,replicate weight,,
TRWGT37,100,Teacher BRR-Fay Replicate Weight 37,,Teacher BRR-Fay Replicate Weight 37,replicate weight,,
TRWGT38,100,Teacher BRR-Fay Replicate Weight 38,,Teacher BRR-Fay Replicate Weight 38,replicate weight,,
TRWGT39,100,Teacher BRR-Fay Replicate Weight 39,,Teacher BRR-Fay Replicate Weight 39,replicate weight,,
TRWGT4,100,Teacher BRR-Fay Replicate Weight 4,,Teacher BRR-Fay Replicate Weight 4,replicate weight,,
TRWGT40,100,Teacher BRR-Fay Replicate Weight 40,,Teacher BRR-Fay Replicate Weight 40,replicate weight,,
TRWGT41,100,Teacher BRR-Fay Replicate Weight 41,,Teacher BRR-Fay Replicate Weight 41,replicate weight,,
TRWGT42,100,Teacher BRR-Fay Replicate Weight 42,,Teacher BRR-Fay Replicate Weight 42,replicate weight,,
TRWGT43,100,Teacher BRR-Fay Replicate Weight 43,,Teacher BRR-Fay Replicate Weight 43,replicate weight,,
TRWGT44,100,Teacher BRR-Fay Replicate Weight 44,,Teacher BRR-Fay Replicate Weight 44,replicate weight,,
TRWGT45,100,Teacher BRR-Fay Replicate Weight 45,,Teacher BRR-Fay Replicate Weight 45,replicate weight,,
TRWGT46,100,Teacher BRR-Fay Replicate Weight 46,,Teacher BRR-Fay Replicate Weight 46,replicate weight,,
TRWGT47,100,Teacher BRR-Fay Replicate Weight 47,,Teacher BRR-Fay Replicate Weight 47,replicate weight,,
TRWGT48,100,Teacher BRR-Fay Replicate Weight 48,,Teacher BRR-Fay Replicate Weight 48,replicate weight,,
TRWGT49,100,Teacher BRR-Fay Replicate Weight 49,,Teacher BRR-Fay Replicate Weight 49,replicate weight,,
TRWGT5,100,Teacher BRR-Fay Replicate Weight 5,,Teacher BRR-Fay Replicate Weight 5,replicate weight,,
TRWGT50,100,Teacher BRR-Fay Replicate Weight 50,,Teacher BRR-Fay Replicate Weight 50,replicate weight,,
TRWGT51,100,Teacher BRR-Fay Replicate Weight 51,,Teacher BRR-Fay Replicate Weight 51,replicate weight,,
TRWGT52,100,Teacher BRR-Fay Replicate Weight 52,,Teacher BRR-Fay Replicate Weight 52,replicate weight,,
TRWGT53,100,Teacher BRR-Fay Replicate Weight 53,,Teacher BRR-Fay Replicate Weight 53,replicate weight,,
TRWGT54,100,Teacher BRR-Fay Replicate Weight 54,,Teacher BRR-Fay Replicate Weight 54,replicate weight,,
TRWGT55,100,Teacher BRR-Fay Replicate Weight 55,,Teacher BRR-Fay Replicate Weight 55,replicate weight,,
TRWGT56,100,Teacher BRR-Fay Replicate Weight 56,,Teacher BRR-Fay Replicate Weight 56,replicate weight,,
TRWGT57,100,Teacher BRR-Fay Replicate Weight 57,,Teacher BRR-Fay Replicate Weight 57,replicate weight,,
TRWGT58,100,Teacher BRR-Fay Replicate Weight 58,,Teacher BRR-Fay Replicate Weight 58,replicate weight,,
TRWGT59,100,Teacher BRR-Fay Replicate Weight 59,,Teacher BRR-Fay Replicate Weight 59,replicate weight,,
TRWGT6,100,Teacher BRR-Fay Replicate Weight 6,,Teacher BRR-Fay Replicate Weight 6,replicate weight,,
TRWGT60,100,Teacher BRR-Fay Replicate Weight 60,,Teacher BRR-Fay Replicate Weight 60,replicate weight,,
TRWGT61,100,Teacher BRR-Fay Replicate Weight 61,,Teacher BRR-Fay Replicate Weight 61,replicate weight,,
TRWGT62,100,Teacher BRR-Fay Replicate Weight 62,,Teacher BRR-Fay Replicate Weight 62,replicate weight,,
TRWGT63,100,Teacher BRR-Fay Replicate Weight 63,,Teacher BRR-Fay Replicate Weight 63,replicate weight,,
TRWGT64,100,Teacher BRR-Fay Replicate Weight 64,,Teacher BRR-Fay Replicate Weight 64,replicate weight,,
TRWGT65,100,Teacher BRR-Fay Replicate Weight 65,,Teacher BRR-Fay Replicate Weight 65,replicate weight,,
TRWGT66,100,Teacher BRR-Fay Replicate Weight 66,,Teacher BRR-Fay Replicate Weight 66,replicate weight,,
TRWGT67,100,Teacher BRR-Fay Replicate Weight 67,,Teacher BRR-Fay Replicate Weight 67,replicate weight,,
TRWGT68,100,Teacher BRR-Fay Replicate Weight 68,,Teacher BRR-Fay Replicate Weight 68,replicate weight,,
TRWGT69,100,Teacher BRR-Fay Replicate Weight 69,,Teacher BRR-Fay Replicate Weight 69,replicate weight,,
TRWGT7,100,Teacher BRR-Fay Replicate Weight 7,,Teacher BRR-Fay Replicate Weight 7,replicate weight,,
TRWGT70,100,Teacher BRR-Fay Replicate Weight 70,,Teacher BRR-Fay Replicate Weight 70,replicate weight,,
TRWGT71,100,Teacher BRR-Fay Replicate Weight 71,,Teacher BRR-Fay Replicate Weight 71,replicate weight,,
TRWGT72,100,Teacher BRR-Fay Replicate Weight 72,,Teacher BRR-Fay Replicate Weight 72,replicate weight,,
TRWGT73,100,Teacher BRR-Fay Replicate Weight 73,,Teacher BRR-Fay Replicate Weight 73,replicate weight,,
TRWGT74,100,Teacher BRR-Fay Replicate Weight 74,,Teacher BRR-Fay Replicate Weight 74,replicate weight,,
TRWGT75,100,Teacher BRR-Fay Replicate Weight 75,,Teacher BRR-Fay Replicate Weight 75,replicate weight,,
TRWGT76,100,Teacher BRR-Fay Replicate Weight 76,,Teacher BRR-Fay Replicate Weight 76,replicate weight,,
TRWGT77,100,Teacher BRR-Fay Replicate Weight 77,,Teacher BRR-Fay Replicate Weight 77,replicate weight,,
TRWGT78,100,Teacher BRR-Fay Replicate Weight 78,,Teacher BRR-Fay Replicate Weight 78,replicate weight,,
TRWGT79,100,Teacher BRR-Fay Replicate Weight 79,,Teacher BRR-Fay Replicate Weight 79,replicate weight,,
TRWGT8,100,Teacher BRR-Fay Replicate Weight 8,,Teacher BRR-Fay Replicate Weight 8,replicate weight,,
TRWGT80,100,Teacher BRR-Fay Replicate Weight 80,,Teacher BRR-Fay Replicate Weight 80,replicate weight,,
TRWGT81,100,Teacher BRR-Fay Replicate Weight 81,,Teacher BRR-Fay Replicate Weight 81,replicate weight,,
TRWGT82,100,Teacher BRR-Fay Replicate Weight 82,,Teacher BRR-Fay Replicate Weight 82,replicate weight,,
TRWGT83,100,Teacher BRR-Fay Replicate Weight 83,,Teacher BRR-Fay Replicate Weight 83,replicate weight,,
TRWGT84,100,Teacher BRR-Fay Replicate Weight 84,,Teacher BRR-Fay Replicate Weight 84,replicate weight,,
TRWGT85,100,Teacher BRR-Fay Replicate Weight 85,,Teacher BRR-Fay Replicate Weight 85,replicate weight,,
TRWGT86,100,Teacher BRR-Fay Replicate Weight 86,,Teacher BRR-Fay Replicate Weight 86,replicate weight,,
TRWGT87,100,Teacher BRR-Fay Replicate Weight 87,,Teacher BRR-Fay Replicate Weight 87,replicate weight,,
TRWGT88,100,Teacher BRR-Fay Replicate Weight 88,,Teacher BRR-Fay Replicate Weight 88,replicate weight,,
TRWGT89,100,Teacher BRR-Fay Replicate Weight 89,,Teacher BRR-Fay Replicate Weight 89,replicate weight,,
TRWGT9,100,Teacher BRR-Fay Replicate Weight 9,,Teacher BRR-Fay Replicate Weight 9,replicate weight,,
TRWGT90,100,Teacher BRR-Fay Replicate Weight 90,,Teacher BRR-Fay Replicate Weight 90,replicate weight,,
TRWGT91,100,Teacher BRR-Fay Replicate Weight 91,,Teacher BRR-Fay Replicate Weight 91,replicate weight,,
TRWGT92,100,Teacher BRR-Fay Replicate Weight 92,,Teacher BRR-Fay Replicate Weight 92,replicate weight,,
TRWGT93,100,Teacher BRR-Fay Replicate Weight 93,,Teacher BRR-Fay Replicate Weight 93,replicate weight,,
TRWGT94,100,Teacher BRR-Fay Replicate Weight 94,,Teacher BRR-Fay Replicate Weight 94,replicate weight,,
TRWGT95,100,Teacher BRR-Fay Replicate Weight 95,,Teacher BRR-Fay Replicate Weight 95,replicate weight,,
TRWGT96,100,Teacher BRR-Fay Replicate Weight 96,,Teacher BRR-Fay Replicate Weight 96,replicate weight,,
TRWGT97,100,Teacher BRR-Fay Replicate Weight 97,,Teacher BRR-Fay Replicate Weight 97,replicate weight,,
TRWGT98,100,Teacher BRR-Fay Replicate Weight 98,,Teacher BRR-Fay Replicate Weight 98,replicate weight,,
TRWGT99,100,Teacher BRR-Fay Replicate Weight 99,,Teacher BRR-Fay Replicate Weight 99,replicate weight,,
T4TAGEGR,97.9,Teacher age (grouped),add,Teacher age (grouped),derived scale/index,,
T4TLEAD,99,Teacher leadership,add,Teacher leadership,derived scale/index,,
T4TEMPWH,98.7,Teacher's employment status in terms of working hours (grouped),add,Teacher's employment status in terms of working hours (grouped),derived scale/index,,
T4THEDAT,93,Teacher's highest level of formal education completed (grouped),add,Teacher's highest level of formal education completed (grouped),derived scale/index,,
T4TYEXPTS,97.6,Teacher's years of work experience at this school (grouped),,Teacher's years of work experience at this school (grouped),derived scale/index,,
T4TYEXPE,90.8,Teacher's years of work experience in other education roles (grouped),,Teacher's years of work experience in other education roles (grouped),derived scale/index,,
T4TYEXPO,91.9,Teacher's years of work experience in other non-education roles (grouped),,Teacher's years of work experience in other non-education roles (grouped),derived scale/index,,
T4TYEXPTT,96.7,Teacher's years of work experience in total (grouped),,Teacher's years of work experience in total (grouped),derived scale/index,,
T4STUD,99.2,Teacher-student relations,add,Teacher-student relations,derived scale/index,,
TT4G35H,99,Teaching in General/ Beliefs about artificial intelligence in education/ Amplifies biases,,Teaching in General / Beliefs about artificial intelligence in education / Amplifies biases,teacher questionnaire item,,
TT4G35C,99.2,Teaching in General/ Beliefs about artificial intelligence in education/ Assists teachers in supporting students individually,,Teaching in General / Beliefs about artificial intelligence in education / Assists teachers in supporting students individually,teacher questionnaire item,,
TT4G35F,99.1,Teaching in General/ Beliefs about artificial intelligence in education/ Enables students to misrepresent others’ work,,Teaching in General / Beliefs about artificial intelligence in education / Enables students to misrepresent others’ work,teacher questionnaire item,,
TT4G35B,99.3,Teaching in General/ Beliefs about artificial intelligence in education/ Enables teachers to adapt learning material,,Teaching in General / Beliefs about artificial intelligence in education / Enables teachers to adapt learning material,teacher questionnaire item,,
TT4G35E,99.1,Teaching in General/ Beliefs about artificial intelligence in education/ Helps teachers automate administrative tasks,,Teaching in General / Beliefs about artificial intelligence in education / Helps teachers automate administrative tasks,teacher questionnaire item,,
TT4G35A,99.4,Teaching in General/ Beliefs about artificial intelligence in education/ Helps teachers write or improve lesson plans,,Teaching in General / Beliefs about artificial intelligence in education / Helps teachers write or improve lesson plans,teacher questionnaire item,,
TT4G35I,99.1,Teaching in General/ Beliefs about artificial intelligence in education/ Jeopardises the privacy and security of student data,,Teaching in General / Beliefs about artificial intelligence in education / Jeopardises the privacy and security of student data,teacher questionnaire item,,
TT4G35G,99.2,Teaching in General/ Beliefs about artificial intelligence in education/ Makes inappropriate or incorrect recommendations,,Teaching in General / Beliefs about artificial intelligence in education / Makes inappropriate or incorrect recommendations,teacher questionnaire item,,
TT4G35J,98.9,Teaching in General/ Beliefs about artificial intelligence in education/ Suggests unsuitable pedagogical approaches,,Teaching in General / Beliefs about artificial intelligence in education / Suggests unsuitable pedagogical approaches,teacher questionnaire item,,
TT4G35D,99.2,Teaching in General/ Beliefs about artificial intelligence in education/ Supports students with special education needs,,Teaching in General / Beliefs about artificial intelligence in education / Supports students with special education needs,teacher questionnaire item,,
TT4G26C,91.7,Teaching in General/ Engagement in collaborative activities/ Engage in joint activities,,Teaching in General / Engagement in collaborative activities / Engage in joint activities,teacher questionnaire item,,
TT4G26B,93,Teaching in General/ Engagement in collaborative activities/ Observe other teachers’ classes and provide feedback,,Teaching in General / Engagement in collaborative activities / Observe other teachers’ classes and provide feedback,teacher questionnaire item,,
TT4G27I,99.4,Teaching in General/ Self-efficacy in teaching/ Calm a student who is disruptive or noisy,,Teaching in General / Self-efficacy in teaching / Calm a student who is disruptive or noisy,teacher questionnaire item,,
TT4G27D,99.4,Teaching in General/ Self-efficacy in teaching/ Control disruptive behaviour in the classroom,,Teaching in General / Self-efficacy in teaching / Control disruptive behaviour in the classroom,teacher questionnaire item,,
TT4G27C,99.4,Teaching in General/ Self-efficacy in teaching/ Craft good questions for students,,Teaching in General / Self-efficacy in teaching / Craft good questions for students,teacher questionnaire item,,
TT4G27A,99.6,Teaching in General/ Self-efficacy in teaching/ Get students to believe they can do well in school work,,Teaching in General / Self-efficacy in teaching / Get students to believe they can do well in school work,teacher questionnaire item,,
TT4G27H,99.4,Teaching in General/ Self-efficacy in teaching/ Get students to follow classroom rules,,Teaching in General / Self-efficacy in teaching / Get students to follow classroom rules,teacher questionnaire item,,
TT4G27N,99.4,Teaching in General/ Self-efficacy in teaching/ Help every student progress,,Teaching in General / Self-efficacy in teaching / Help every student progress,teacher questionnaire item,,
TT4G27G,99.4,Teaching in General/ Self-efficacy in teaching/ Help students think critically,,Teaching in General / Self-efficacy in teaching / Help students think critically,teacher questionnaire item,,
TT4G27B,99.5,Teaching in General/ Self-efficacy in teaching/ Help students value learning,,Teaching in General / Self-efficacy in teaching / Help students value learning,teacher questionnaire item,,
TT4G27F,99.4,Teaching in General/ Self-efficacy in teaching/ Make my expectations about student behaviour clear,,Teaching in General / Self-efficacy in teaching / Make my expectations about student behaviour clear,teacher questionnaire item,,
TT4G27E,99.4,Teaching in General/ Self-efficacy in teaching/ Motivate students who show low interest in school work,,Teaching in General / Self-efficacy in teaching / Motivate students who show low interest in school work,teacher questionnaire item,,
TT4G27K,99.4,Teaching in General/ Self-efficacy in teaching/ Provide an altern. explanation for example when students are confused,,Teaching in General / Self-efficacy in teaching / Provide an altern. explanation for example when students are confused,teacher questionnaire item,,
TT4G27O,99.2,Teaching in General/ Self-efficacy in teaching/ Reduce achievement gaps among students,,Teaching in General / Self-efficacy in teaching / Reduce achievement gaps among students,teacher questionnaire item,,
TT4G27M,99.4,Teaching in General/ Self-efficacy in teaching/ Support learning through the use of <digital resources and tools>,,Teaching in General / Self-efficacy in teaching / Support learning through the use of <digital resources and tools>,teacher questionnaire item,,
TT4G27P,99.2,Teaching in General/ Self-efficacy in teaching/ Support students’ social and emotional learning,,Teaching in General / Self-efficacy in teaching / Support students’ social and emotional learning,teacher questionnaire item,,
TT4G27J,99.3,Teaching in General/ Self-efficacy in teaching/ Use a variety of assessment strategies,,Teaching in General / Self-efficacy in teaching / Use a variety of assessment strategies,teacher questionnaire item,,
TT4G27L,99.3,Teaching in General/ Self-efficacy in teaching/ Vary instructional strategies in my classroom,,Teaching in General / Self-efficacy in teaching / Vary instructional strategies in my classroom,teacher questionnaire item,,
TT4G58E,98.7,Teaching in the <Target Class>/ Achieved lesson aims/ Adapting teaching to meet the different needs of students,,Teaching in the <Target Class> / Achieved lesson aims / Adapting teaching to meet the different needs of students,teacher questionnaire item,,
TT4G58B,98.8,Teaching in the <Target Class>/ Achieved lesson aims/ Engaging students in work that challenges them,,Teaching in the <Target Class> / Achieved lesson aims / Engaging students in work that challenges them,teacher questionnaire item,,
TT4G58F,98.7,"Teaching in the <Target Class>/ Achieved lesson aims/ Helping students to manage their own emotions, thoughts, and behaviour",,"Teaching in the <Target Class> / Achieved lesson aims / Helping students to manage their own emotions, thoughts, and behaviour",teacher questionnaire item,,
TT4G58G,98.2,Teaching in the <Target Class>/ Achieved lesson aims/ Managing student behaviour,,Teaching in the <Target Class> / Achieved lesson aims / Managing student behaviour,teacher questionnaire item,,
TT4G58D,98.7,Teaching in the <Target Class>/ Achieved lesson aims/ Offering students opportunities to practice what they learned,,Teaching in the <Target Class> / Achieved lesson aims / Offering students opportunities to practice what they learned,teacher questionnaire item,,
TT4G58A,98.9,Teaching in the <Target Class>/ Achieved lesson aims/ Presenting the content in a comprehensible way,,Teaching in the <Target Class> / Achieved lesson aims / Presenting the content in a comprehensible way,teacher questionnaire item,,
TT4G58C,98.7,Teaching in the <Target Class>/ Achieved lesson aims/ Providing students with feedback to support their learning,,Teaching in the <Target Class> / Achieved lesson aims / Providing students with feedback to support their learning,teacher questionnaire item,,
TT4G50C,100,Teaching in the <Target Class>/ Percentage of <class> time typically spent on activities/ Actual teaching and learning,,Teaching in the <Target Class> / Percentage of <class> time typically spent on activities / Actual teaching and learning,teacher questionnaire item,,
TT4G50A,100,Teaching in the <Target Class>/ Percentage of <class> time typically spent on activities/ Administrative tasks,,Teaching in the <Target Class> / Percentage of <class> time typically spent on activities / Administrative tasks,teacher questionnaire item,,
TT4G50B,100,Teaching in the <Target Class>/ Percentage of <class> time typically spent on activities/ Keeping order in classroom,,Teaching in the <Target Class> / Percentage of <class> time typically spent on activities / Keeping order in classroom,teacher questionnaire item,,
T4WLOADT,98.5,Workload stress,add,Workload stress,derived scale/index,,
T4WELS,97,Workplace well-being and stress,add,Workplace well-being and stress,derived scale/index,,
